"Date ","series ","OPEN ","HIGH ","LOW ","PREV. CLOSE ","ltp ","close ","vwap ","52W H ","52W L ","VOLUME ","VALUE ","No of trades "
"17-Mar-2023","EQ","1,901.00","1,918.85","1,845.00","1,843.80","1,874.00","1,876.55","1,870.80","4,190.00","1,017.45",5969594,"11,167,944,229.35",263971
"16-Mar-2023","EQ","1,861.00","1,875.00","1,795.00","1,839.00","1,840.00","1,843.80","1,838.73","4,190.00","1,017.45",6509495,"11,969,202,063.80",311541
"15-Mar-2023","EQ","1,760.90","1,891.45","1,728.10","1,738.20","1,838.00","1,839.00","1,809.83","4,190.00","1,017.45",12296703,"22,254,903,981.50",573832
"14-Mar-2023","EQ","1,874.00","1,874.85","1,651.35","1,874.40","1,730.00","1,738.20","1,742.93","4,190.00","1,017.45",12679663,"22,099,819,684.25",551558
"13-Mar-2023","EQ","1,917.00","1,985.00","1,857.40","1,896.20","1,859.00","1,874.40","1,922.43","4,190.00","1,017.45",7572604,"14,557,763,249.80",373128
"10-Mar-2023","EQ","1,870.00","1,940.00","1,820.60","1,953.15","1,894.20","1,896.20","1,889.62","4,190.00","1,017.45",9419942,"17,800,126,062.50",465434
"09-Mar-2023","EQ","2,049.80","2,068.85","1,905.35","2,039.65","1,941.40","1,953.15","1,970.16","4,190.00","1,017.45",12627794,"24,878,712,558.40",629218
"08-Mar-2023","EQ","2,040.00","2,088.00","1,941.00","1,982.90","2,039.00","2,039.65","2,029.34","4,190.00","1,017.45",13568243,"27,534,592,803.85",625491
"06-Mar-2023","EQ","1,966.70","2,135.00","1,855.00","1,879.50","1,982.00","1,982.90","2,021.04","4,190.00","1,017.45",27180456,"54,932,839,562.45",1230939
"03-Mar-2023","EQ","1,688.85","1,905.95","1,685.50","1,607.25","1,874.00","1,879.50","1,806.68","4,190.00","1,017.45",22888891,"41,352,917,851.60",822488
"02-Mar-2023","EQ","1,499.90","1,646.00","1,407.90","1,564.30","1,588.00","1,607.25","1,564.51","4,190.00","1,017.45",26970925,"42,196,200,068.15",924791
"01-Mar-2023","EQ","1,424.00","1,580.00","1,411.00","1,363.85","1,579.00","1,564.30","1,511.37","4,190.00","1,017.45",20114340,"30,400,282,052.45",758963
"28-Feb-2023","EQ","1,145.00","1,398.00","1,103.75","1,193.50","1,371.35","1,363.85","1,307.03","4,190.00","1,017.45",33948366,"44,371,629,472.60",1047492
"27-Feb-2023","EQ","1,300.00","1,313.80","1,131.05","1,315.65","1,187.55","1,193.50","1,222.37","4,190.00","1,017.45",10271008,"12,554,940,831.15",487401
"24-Feb-2023","EQ","1,410.00","1,427.00","1,261.60","1,382.65","1,312.00","1,315.65","1,321.15","4,190.00","1,017.45",8736727,"11,542,501,086.15",422968
"23-Feb-2023","EQ","1,380.00","1,438.00","1,350.00","1,404.85","1,388.85","1,382.65","1,394.00","4,190.00","1,017.45",8907540,"12,417,096,828.45",427592
"22-Feb-2023","EQ","1,535.00","1,560.00","1,381.20","1,571.10","1,397.50","1,404.85","1,439.33","4,190.00","1,017.45",10606476,"15,266,186,108.80",509088
"21-Feb-2023","EQ","1,626.00","1,644.45","1,561.30","1,621.45","1,563.90","1,571.10","1,598.62","4,190.00","1,017.45",5571915,"8,907,400,136.15",281877
"20-Feb-2023","EQ","1,650.00","1,685.00","1,560.50","1,722.70","1,613.00","1,621.45","1,623.91","4,190.00","1,017.45",6762330,"10,981,416,978.40",334008
"17-Feb-2023","EQ","1,800.00","1,815.85","1,703.20","1,796.60","1,719.00","1,722.70","1,747.80","4,190.00","1,017.45",5392513,"9,425,015,185.70",282372
"16-Feb-2023","EQ","1,820.00","1,874.95","1,790.00","1,779.10","1,796.85","1,796.60","1,818.58","4,190.00","1,017.45",5578515,"10,145,002,776.50",298112
"15-Feb-2023","EQ","1,780.00","1,824.40","1,750.00","1,749.70","1,772.00","1,779.10","1,788.18","4,190.00","1,017.45",7636578,"13,655,586,649.50",385669
"14-Feb-2023","EQ","1,735.00","1,889.00","1,611.35","1,717.65","1,750.00","1,749.70","1,736.55","4,190.00","1,017.45",14579030,"25,317,265,469.45",687240
"13-Feb-2023","EQ","1,850.00","1,921.70","1,662.25","1,846.95","1,706.00","1,717.65","1,753.00","4,190.00","1,017.45",12210940,"21,405,744,070.10",617527
"10-Feb-2023","EQ","1,769.00","1,990.00","1,733.15","1,925.70","1,853.00","1,846.95","1,891.35","4,190.00","1,017.45",11334878,"21,438,181,678.75",539738
"09-Feb-2023","EQ","2,168.00","2,168.00","1,731.40","2,164.25","1,922.00","1,925.70","1,972.72","4,190.00","1,017.45",18279862,"36,061,116,390.95",829391
"08-Feb-2023","EQ","1,869.85","2,222.15","1,840.85","1,802.95","2,220.00","2,164.25","2,023.24","4,190.00","1,017.45",19173006,"38,791,512,825.60",861666
"07-Feb-2023","EQ","1,571.00","1,962.70","1,525.60","1,572.70","1,813.00","1,802.95","1,764.46","4,190.00","1,017.45",19188072,"33,856,529,198.55",809538
"06-Feb-2023","EQ","1,575.00","1,615.00","1,435.20","1,586.80","1,554.30","1,572.70","1,539.88","4,190.00","1,017.45",19308603,"29,732,853,741.55",911312
"03-Feb-2023","EQ","1,490.00","1,679.90","1,017.45","1,565.25","1,531.00","1,586.80","1,354.92","4,190.00","1,017.45",43885579,"59,461,532,709.05",1704970
"02-Feb-2023","EQ","2,348.85","2,348.85","1,494.75","2,135.35","1,565.30","1,565.25","1,827.68","4,190.00","1,494.75",34474080,"63,007,692,681.80",1563346
"01-Feb-2023","EQ","2,995.00","3,010.75","1,941.20","2,973.90","2,179.75","2,135.35","2,540.21","4,190.00","1,528.80",13525314,"34,357,172,149.05",566482
"31-Jan-2023","EQ","2,980.00","3,073.60","2,906.00","2,892.85","2,948.00","2,973.90","2,984.79","4,190.00","1,528.80",11568020,"34,528,064,984.40",497618
"30-Jan-2023","EQ","2,850.00","3,037.55","2,665.00","2,761.45","2,869.85","2,892.85","2,865.44","4,190.00","1,528.80",20947906,"60,024,945,536.25",907742
"27-Jan-2023","EQ","3,335.00","3,346.50","2,712.00","3,388.95","2,768.50","2,761.45","3,010.35","4,190.00","1,528.80",14764368,"44,445,979,636.20",562994
"25-Jan-2023","EQ","3,422.00","3,428.00","3,315.00","3,442.00","3,405.00","3,388.95","3,372.68","4,190.00","1,528.80",3686439,"12,433,194,761.25",114072
"24-Jan-2023","EQ","3,447.45","3,508.00","3,430.00","3,436.35","3,441.00","3,442.00","3,458.77","4,190.00","1,528.80",1518123,"5,250,832,989.65",62403
"23-Jan-2023","EQ","3,443.05","3,460.00","3,412.55","3,456.15","3,439.50","3,436.35","3,435.17","4,190.00","1,528.80",974857,"3,348,800,915.95",45252
"20-Jan-2023","EQ","3,450.00","3,477.35","3,440.95","3,463.55","3,451.00","3,456.15","3,456.32","4,190.00","1,528.80",1510258,"5,219,931,466.90",55259
"19-Jan-2023","EQ","3,470.00","3,537.70","3,426.70","3,596.70","3,458.00","3,463.55","3,468.31","4,190.00","1,528.80",3696319,"12,819,988,176.70",153420
"18-Jan-2023","EQ","3,648.00","3,648.00","3,527.10","3,639.35","3,584.90","3,596.70","3,590.24","4,190.00","1,528.80",3652240,"13,112,432,423.50",123459
"17-Jan-2023","EQ","3,620.00","3,649.60","3,560.20","3,619.80","3,640.00","3,639.35","3,615.39","4,190.00","1,528.80",1668381,"6,031,849,312.75",75220
"16-Jan-2023","EQ","3,720.00","3,739.95","3,600.00","3,721.15","3,621.00","3,619.80","3,637.65","4,190.00","1,528.80",1863848,"6,780,032,266.00",81657
"13-Jan-2023","EQ","3,651.20","3,736.05","3,642.20","3,647.20","3,720.00","3,721.15","3,693.45","4,190.00","1,528.80",1364712,"5,040,492,790.50",71398
"12-Jan-2023","EQ","3,642.50","3,679.00","3,612.00","3,635.80","3,641.75","3,647.20","3,644.00","4,190.00","1,528.80",1199785,"4,372,019,613.45",61175
"11-Jan-2023","EQ","3,660.00","3,664.50","3,560.10","3,646.90","3,635.00","3,635.80","3,616.79","4,190.00","1,528.80",2226506,"8,052,797,086.85",104118
"10-Jan-2023","EQ","3,859.00","3,862.05","3,555.00","3,855.30","3,636.85","3,646.90","3,672.11","4,190.00","1,528.80",3595798,"13,204,175,227.25",161278
"09-Jan-2023","EQ","3,843.00","3,880.00","3,811.25","3,824.25","3,853.00","3,855.30","3,850.60","4,190.00","1,528.80",753981,"2,903,281,089.00",42423
"06-Jan-2023","EQ","3,829.00","3,868.25","3,797.05","3,829.80","3,824.00","3,824.25","3,834.29","4,190.00","1,528.80",912159,"3,497,485,465.55",44367
"05-Jan-2023","EQ","3,827.05","3,842.40","3,756.90","3,827.05","3,839.00","3,829.80","3,813.43","4,190.00","1,528.80",997006,"3,802,009,161.60",49242
"04-Jan-2023","EQ","3,839.00","3,874.95","3,803.60","3,830.95","3,822.00","3,827.05","3,833.86","4,190.00","1,528.80",1028377,"3,942,649,146.95",47586
"03-Jan-2023","EQ","3,841.90","3,852.85","3,791.00","3,841.20","3,828.10","3,830.95","3,830.96","4,190.00","1,528.80",799905,"3,064,403,987.15",38042
"02-Jan-2023","EQ","3,870.00","3,874.00","3,822.55","3,858.35","3,843.00","3,841.20","3,847.82","4,190.00","1,528.80",923051,"3,551,733,873.75",42124
"30-Dec-2022","EQ","3,829.70","3,898.00","3,822.05","3,810.60","3,850.00","3,858.35","3,858.43","4,190.00","1,528.80",1528747,"5,898,558,262.20",59598
"29-Dec-2022","EQ","3,790.00","3,825.00","3,748.10","3,797.70","3,815.35","3,810.60","3,790.66","4,190.00","1,528.80",1531692,"5,806,124,866.15",67660
"28-Dec-2022","EQ","3,756.05","3,825.00","3,745.00","3,769.65","3,797.95","3,797.70","3,784.81","4,190.00","1,528.80",1377950,"5,215,278,229.50",58991
"27-Dec-2022","EQ","3,732.45","3,797.90","3,695.05","3,716.75","3,767.15","3,769.65","3,740.71","4,190.00","1,528.80",1804911,"6,751,642,941.35",72966
"26-Dec-2022","EQ","3,653.00","3,744.90","3,620.00","3,642.20","3,709.00","3,716.75","3,711.03","4,190.00","1,528.80",2162662,"8,025,704,748.75",99922
"23-Dec-2022","EQ","3,822.00","3,848.00","3,616.80","3,868.55","3,650.05","3,642.20","3,730.40","4,190.00","1,528.80",3036157,"11,326,065,203.65",140276
"22-Dec-2022","EQ","3,948.00","3,948.00","3,817.05","3,901.95","3,856.00","3,868.55","3,877.13","4,190.00","1,528.80",2879658,"11,164,819,496.85",134348
"21-Dec-2022","EQ","4,175.00","4,190.00","3,883.25","4,165.30","3,909.00","3,901.95","4,005.13","4,190.00","1,528.80",3585883,"14,361,940,522.35",167340
"20-Dec-2022","EQ","4,095.00","4,172.00","4,066.40","4,075.30","4,165.00","4,165.30","4,125.20","4,172.00","1,528.80",3778426,"15,586,756,140.30",131294
"19-Dec-2022","EQ","3,988.00","4,104.00","3,971.45","3,980.80","4,101.00","4,075.30","4,030.64","4,104.00","1,528.80",1643404,"6,623,967,217.30",53127
"16-Dec-2022","EQ","4,018.90","4,047.90","3,944.05","4,043.75","3,983.00","3,980.80","3,992.46","4,096.00","1,528.80",1598960,"6,383,785,498.65",55399
"15-Dec-2022","EQ","4,055.80","4,073.05","4,025.00","4,055.80","4,025.25","4,043.75","4,051.93","4,096.00","1,528.80",866138,"3,509,530,717.80",37452
"14-Dec-2022","EQ","4,076.00","4,092.05","4,040.00","4,060.20","4,049.00","4,055.80","4,067.51","4,096.00","1,528.80",1114492,"4,533,211,917.70",42940
"13-Dec-2022","EQ","4,027.80","4,072.00","4,011.60","4,016.70","4,060.00","4,060.20","4,047.97","4,096.00","1,528.80",1215308,"4,919,535,387.65",47587
"12-Dec-2022","EQ","3,997.00","4,031.90","3,968.75","3,996.80","4,010.15","4,016.70","4,008.66","4,096.00","1,528.80",802499,"3,216,945,985.15",38510
"09-Dec-2022","EQ","4,044.00","4,094.00","3,941.50","4,025.00","3,995.60","3,996.80","4,020.27","4,096.00","1,528.80",2129800,"8,562,377,224.60",79946
"08-Dec-2022","EQ","4,010.00","4,045.00","4,003.35","3,999.30","4,023.35","4,025.00","4,027.23","4,096.00","1,528.80",895075,"3,604,675,253.30",43843
"07-Dec-2022","EQ","4,031.00","4,057.90","3,984.55","4,031.80","3,998.00","3,999.30","4,016.92","4,096.00","1,528.80",1257261,"5,050,318,788.85",63713
"06-Dec-2022","EQ","3,920.00","4,057.00","3,909.00","3,930.40","4,026.00","4,031.80","4,013.11","4,096.00","1,528.80",2962621,"11,889,317,095.90",121859
"05-Dec-2022","EQ","3,928.90","3,939.00","3,810.05","3,922.50","3,930.20","3,930.40","3,874.71","4,096.00","1,528.80",2392866,"9,271,672,967.50",88778
"02-Dec-2022","EQ","3,905.00","3,963.80","3,885.00","3,915.10","3,915.00","3,922.50","3,922.77","4,096.00","1,528.80",1297832,"5,091,101,029.10",53440
"01-Dec-2022","EQ","3,937.50","3,944.95","3,902.45","3,917.90","3,907.40","3,915.10","3,921.49","4,096.00","1,528.80",945838,"3,709,090,833.50",35157
"30-Nov-2022","EQ","3,897.80","3,939.90","3,867.00","3,878.40","3,924.70","3,917.90","3,904.01","4,096.00","1,528.80",1968428,"7,684,764,468.70",62047
"29-Nov-2022","EQ","3,885.00","3,915.00","3,864.05","3,886.15","3,870.00","3,878.40","3,888.99","4,096.00","1,528.80",1513444,"5,885,765,382.25",46398
"28-Nov-2022","EQ","3,899.40","3,925.00","3,871.40","3,901.10","3,884.45","3,886.15","3,900.75","4,096.00","1,528.80",1119166,"4,365,587,663.05",42474
"25-Nov-2022","EQ","3,929.00","3,949.90","3,845.30","3,921.10","3,900.05","3,901.10","3,894.99","4,096.00","1,528.80",2506346,"9,762,203,482.25",91106
"24-Nov-2022","EQ","3,910.00","3,935.00","3,821.00","3,903.30","3,930.00","3,921.10","3,883.06","4,096.00","1,528.80",2797181,"10,861,610,719.95",111478
"23-Nov-2022","EQ","4,050.00","4,061.85","3,873.00","4,034.00","3,897.00","3,903.30","3,952.37","4,096.00","1,528.80",2861156,"11,308,339,333.55",119633
"22-Nov-2022","EQ","4,001.85","4,056.00","3,988.00","4,001.85","4,034.90","4,034.00","4,031.64","4,096.00","1,528.80",1705043,"6,874,117,536.90",61621
"21-Nov-2022","EQ","4,019.95","4,019.95","3,921.95","4,019.80","3,999.50","4,001.85","3,978.87","4,096.00","1,528.80",1492003,"5,936,490,081.00",63301
"18-Nov-2022","EQ","4,028.35","4,043.00","3,984.00","4,018.15","4,020.00","4,019.80","4,013.45","4,096.00","1,528.80",1440776,"5,782,483,471.35",61375
"17-Nov-2022","EQ","3,970.00","4,033.00","3,900.00","3,956.60","4,017.00","4,018.15","3,976.54","4,096.00","1,528.80",2266112,"9,011,290,877.10",100741
"16-Nov-2022","EQ","4,057.30","4,096.00","3,863.55","4,057.80","3,975.00","3,956.60","3,979.89","4,096.00","1,528.80",3059841,"12,177,831,127.65",120771
"15-Nov-2022","EQ","4,025.05","4,065.00","4,022.00","4,022.55","4,064.95","4,057.80","4,042.27","4,078.00","1,528.80",1065546,"4,307,224,038.45",49890
"14-Nov-2022","EQ","3,999.00","4,078.00","3,990.00","4,008.85","4,024.10","4,022.55","4,035.32","4,078.00","1,528.80",1803092,"7,276,060,178.75",76145
"11-Nov-2022","EQ","4,040.00","4,048.95","3,975.15","3,992.25","4,006.00","4,008.85","4,013.71","4,048.95","1,485.65",1476875,"5,927,750,652.85",69136
"10-Nov-2022","EQ","3,995.00","4,030.00","3,962.15","3,997.20","3,999.00","3,992.25","3,997.44","4,048.00","1,485.65",2313795,"9,249,247,525.85",94415
"09-Nov-2022","EQ","3,977.00","4,048.00","3,943.05","3,960.60","3,982.60","3,997.20","4,007.49","4,048.00","1,485.65",3732472,"14,957,843,234.85",148664
"07-Nov-2022","EQ","3,852.45","4,013.70","3,820.00","3,833.25","3,953.35","3,960.60","3,943.84","4,013.70","1,485.65",5985652,"23,606,481,228.00",261119
"04-Nov-2022","EQ","3,642.00","3,849.80","3,566.75","3,590.40","3,825.90","3,833.25","3,732.33","3,885.00","1,411.20",6112097,"22,812,363,213.10",251172
"03-Nov-2022","EQ","3,550.00","3,614.70","3,542.45","3,580.70","3,590.00","3,590.40","3,588.04","3,885.00","1,411.20",1275216,"4,575,532,259.55",56803
"02-Nov-2022","EQ","3,580.00","3,625.15","3,526.00","3,575.70","3,570.50","3,580.70","3,575.05","3,885.00","1,411.20",2534755,"9,061,882,642.50",103751
"01-Nov-2022","EQ","3,361.90","3,607.45","3,352.00","3,347.45","3,579.80","3,575.70","3,519.15","3,885.00","1,411.20",4393335,"15,460,783,482.30",162903
"31-Oct-2022","EQ","3,339.95","3,360.00","3,326.10","3,323.30","3,350.00","3,347.45","3,343.51","3,885.00","1,411.20",575722,"1,924,932,417.40",30283
"28-Oct-2022","EQ","3,322.00","3,387.95","3,297.65","3,325.00","3,325.00","3,323.30","3,337.92","3,885.00","1,367.70",1323334,"4,417,187,164.20",48185
"27-Oct-2022","EQ","3,319.85","3,355.00","3,297.00","3,300.50","3,320.00","3,325.00","3,322.70","3,885.00","1,367.70",1106870,"3,677,801,050.20",37985
"25-Oct-2022","EQ","3,321.95","3,345.00","3,294.00","3,309.80","3,295.05","3,300.50","3,313.09","3,885.00","1,367.70",879424,"2,913,608,009.95",35025
"24-Oct-2022","EQ","3,325.00","3,340.10","3,287.40","3,311.90","3,320.00","3,309.80","3,317.49","3,885.00","1,367.70",248249,"823,564,724.35",9916
"21-Oct-2022","EQ","3,374.90","3,382.00","3,287.00","3,357.10","3,309.75","3,311.90","3,335.48","3,885.00","1,367.70",1120790,"3,738,369,840.15",41865
"20-Oct-2022","EQ","3,260.00","3,365.00","3,245.00","3,277.25","3,361.05","3,357.10","3,308.85","3,885.00","1,367.70",2211287,"7,316,811,040.15",66573
"19-Oct-2022","EQ","3,300.00","3,310.00","3,259.65","3,284.30","3,277.00","3,277.25","3,289.84","3,885.00","1,367.70",1396513,"4,594,301,611.90",45073
"18-Oct-2022","EQ","3,249.00","3,298.00","3,226.10","3,212.60","3,289.00","3,284.30","3,268.80","3,885.00","1,367.70",1635079,"5,344,752,856.60",51032
"17-Oct-2022","EQ","3,211.00","3,235.00","3,136.10","3,209.50","3,225.00","3,212.60","3,198.73","3,885.00","1,367.70",1985298,"6,350,425,876.50",65568
"14-Oct-2022","EQ","3,272.00","3,305.00","3,194.85","3,233.65","3,201.00","3,209.50","3,242.81","3,885.00","1,367.70",1344415,"4,359,688,647.25",50469
"13-Oct-2022","EQ","3,218.00","3,262.80","3,189.00","3,223.65","3,228.00","3,233.65","3,226.46","3,885.00","1,367.70",1840193,"5,937,308,018.25",67694
"12-Oct-2022","EQ","3,297.00","3,297.00","3,145.00","3,273.95","3,228.00","3,223.65","3,207.73","3,885.00","1,367.70",2972601,"9,535,297,729.45",123910
"11-Oct-2022","EQ","3,257.55","3,338.00","3,249.00","3,246.25","3,274.00","3,273.95","3,299.63","3,885.00","1,367.70",2544394,"8,395,552,194.50",98321
"10-Oct-2022","EQ","3,234.00","3,278.75","3,214.35","3,277.60","3,253.00","3,246.25","3,250.34","3,885.00","1,367.70",1590792,"5,170,607,524.10",64438
"07-Oct-2022","EQ","3,280.00","3,310.95","3,228.15","3,285.00","3,279.00","3,277.60","3,269.68","3,885.00","1,367.70",1930275,"6,311,383,917.90",65403
"06-Oct-2022","EQ","3,270.00","3,318.80","3,208.05","3,237.70","3,287.00","3,285.00","3,269.85","3,885.00","1,367.70",2845165,"9,303,269,962.70",106184
"04-Oct-2022","EQ","3,230.00","3,291.20","3,125.00","3,157.30","3,229.00","3,237.70","3,229.86","3,885.00","1,367.70",5642467,"18,224,362,149.00",206194
"03-Oct-2022","EQ","3,440.00","3,460.05","3,110.20","3,455.75","3,164.75","3,157.30","3,239.55","3,885.00","1,367.70",7578847,"24,552,075,642.15",242309
"30-Sep-2022","EQ","3,447.95","3,523.80","3,371.10","3,470.70","3,440.00","3,455.75","3,457.64","3,885.00","1,367.70",4307707,"14,894,516,056.65",143905
"29-Sep-2022","EQ","3,583.50","3,664.75","3,443.60","3,548.75","3,456.00","3,470.70","3,495.25","3,885.00","1,367.70",15060223,"52,639,273,202.70",154930
"28-Sep-2022","EQ","3,528.00","3,596.95","3,503.00","3,559.10","3,540.00","3,548.75","3,555.21","3,885.00","1,367.70",2259832,"8,034,173,599.80",76568
"27-Sep-2022","EQ","3,596.00","3,629.55","3,485.85","3,586.20","3,566.00","3,559.10","3,556.17","3,885.00","1,367.70",3546332,"12,611,349,785.05",121229
"26-Sep-2022","EQ","3,646.30","3,658.00","3,532.00","3,674.30","3,561.95","3,586.20","3,598.74","3,885.00","1,367.70",3123908,"11,242,145,957.85",122902
"23-Sep-2022","EQ","3,732.00","3,737.90","3,655.00","3,716.30","3,663.00","3,674.30","3,696.89","3,885.00","1,367.70",3001474,"11,096,130,275.60",104208
"22-Sep-2022","EQ","3,639.00","3,735.95","3,608.05","3,640.10","3,725.00","3,716.30","3,688.15","3,885.00","1,367.70",3490772,"12,874,501,724.50",134542
"21-Sep-2022","EQ","3,837.65","3,862.80","3,571.25","3,834.55","3,640.00","3,640.10","3,686.35","3,885.00","1,367.70",6089846,"22,449,331,472.25",227558
"20-Sep-2022","EQ","3,819.00","3,885.00","3,812.00","3,778.65","3,819.00","3,834.55","3,845.90","3,885.00","1,367.70",3338704,"12,840,324,171.30",116980
"19-Sep-2022","EQ","3,718.95","3,801.95","3,680.75","3,702.20","3,780.50","3,778.65","3,762.56","3,866.95","1,367.70",3092486,"11,635,650,085.65",120209
"16-Sep-2022","EQ","3,755.00","3,866.95","3,614.60","3,748.70","3,705.00","3,702.20","3,741.06","3,866.95","1,367.70",5687429,"21,276,990,931.55",210607
"15-Sep-2022","EQ","3,590.00","3,767.95","3,575.00","3,572.10","3,750.60","3,748.70","3,677.96","3,767.95","1,367.70",4716688,"17,347,788,162.15",155826
"14-Sep-2022","EQ","3,518.00","3,608.00","3,511.00","3,555.80","3,573.00","3,572.10","3,576.87","3,608.00","1,367.70",2740337,"9,801,841,663.35",94965
"13-Sep-2022","EQ","3,478.00","3,568.90","3,421.30","3,463.80","3,560.10","3,555.80","3,503.77","3,568.90","1,367.70",3479669,"12,191,958,176.45",122343
"12-Sep-2022","EQ","3,465.00","3,495.50","3,457.90","3,451.20","3,465.00","3,463.80","3,471.93","3,507.95","1,367.70",1647756,"5,720,891,708.60",43847
"09-Sep-2022","EQ","3,479.00","3,507.95","3,415.15","3,462.80","3,450.00","3,451.20","3,467.05","3,507.95","1,367.70",1614634,"5,598,014,814.00",66777
"08-Sep-2022","EQ","3,499.00","3,501.50","3,450.00","3,473.75","3,462.50","3,462.80","3,470.02","3,501.50","1,367.70",1560414,"5,414,671,913.95",52110
"07-Sep-2022","EQ","3,435.80","3,487.95","3,406.10","3,435.80","3,474.50","3,473.75","3,458.14","3,487.95","1,367.70",2188110,"7,566,793,592.80",86977
"06-Sep-2022","EQ","3,370.00","3,447.60","3,355.00","3,346.55","3,436.00","3,435.80","3,411.82","3,447.60","1,367.70",2580772,"8,805,133,603.50",108547
"05-Sep-2022","EQ","3,374.10","3,431.80","3,313.00","3,355.80","3,350.00","3,346.55","3,373.03","3,431.80","1,367.70",3686950,"12,436,190,880.55",146740
"02-Sep-2022","EQ","3,261.00","3,369.40","3,225.00","3,233.25","3,352.00","3,355.80","3,313.01","3,369.40","1,367.70",4835905,"16,021,396,031.40",183660
"01-Sep-2022","EQ","3,200.00","3,245.00","3,184.40","3,194.35","3,237.00","3,233.25","3,216.37","3,263.10","1,367.70",1880363,"6,047,942,599.80",69275
"30-Aug-2022","EQ","3,165.00","3,263.10","3,161.00","3,142.60","3,192.60","3,194.35","3,211.12","3,263.10","1,367.70",4392183,"14,103,846,958.90",119357
"29-Aug-2022","EQ","3,055.00","3,166.45","3,037.85","3,139.55","3,145.00","3,142.60","3,124.04","3,258.90","1,367.70",1924984,"6,013,728,390.80",78701
"26-Aug-2022","EQ","3,080.00","3,172.95","3,078.00","3,066.35","3,148.50","3,139.55","3,135.78","3,258.90","1,361.55",2897602,"9,086,254,287.85",100125
"25-Aug-2022","EQ","3,167.00","3,177.80","3,055.70","3,134.65","3,060.10","3,066.35","3,107.36","3,258.90","1,361.55",3119494,"9,693,405,537.50",113931
"24-Aug-2022","EQ","3,038.00","3,153.00","2,986.00","3,030.65","3,151.40","3,134.65","3,058.83","3,258.90","1,361.55",3475387,"10,630,611,855.05",132308
"23-Aug-2022","EQ","3,032.65","3,074.00","2,927.40","3,051.60","3,038.70","3,030.65","3,011.45","3,258.90","1,361.55",4169136,"12,555,158,038.70",157211
"22-Aug-2022","EQ","3,134.00","3,191.80","3,029.20","3,130.20","3,056.65","3,051.60","3,118.52","3,258.90","1,361.55",3473580,"10,832,426,018.05",139398
"19-Aug-2022","EQ","3,178.00","3,258.90","3,075.25","3,153.65","3,127.00","3,130.20","3,173.83","3,258.90","1,361.55",6109949,"19,391,951,234.55",229717
"18-Aug-2022","EQ","3,005.00","3,186.00","3,004.00","3,008.65","3,157.75","3,153.65","3,113.47","3,186.00","1,361.55",3502295,"10,904,277,145.15",122950
"17-Aug-2022","EQ","2,986.00","3,028.55","2,980.00","2,975.85","3,005.00","3,008.65","3,007.02","3,028.55","1,361.55",1510171,"4,541,107,649.45",57147
"16-Aug-2022","EQ","2,879.00","2,986.00","2,871.00","2,864.55","2,979.00","2,975.85","2,942.96","2,986.00","1,361.55",1969492,"5,796,142,915.40",71617
"12-Aug-2022","EQ","2,840.00","2,871.15","2,834.05","2,834.05","2,868.00","2,864.55","2,858.52","2,871.15","1,361.55",843025,"2,409,806,514.20",33127
"11-Aug-2022","EQ","2,841.00","2,848.40","2,815.10","2,827.20","2,837.40","2,834.05","2,834.79","2,848.40","1,361.55",978616,"2,774,170,058.50",32142
"10-Aug-2022","EQ","2,801.75","2,834.90","2,781.55","2,791.90","2,826.00","2,827.20","2,812.11","2,834.90","1,361.55",1304663,"3,668,859,593.10",44657
"08-Aug-2022","EQ","2,700.00","2,807.65","2,695.65","2,698.40","2,791.00","2,791.90","2,756.06","2,807.65","1,361.55",1581696,"4,359,247,692.35",53583
"05-Aug-2022","EQ","2,760.00","2,767.65","2,685.00","2,723.60","2,686.05","2,698.40","2,713.14","2,767.65","1,361.55",1639981,"4,449,493,510.25",75799
"04-Aug-2022","EQ","2,725.00","2,743.90","2,684.25","2,711.40","2,721.00","2,723.60","2,720.76","2,743.90","1,361.55",1223799,"3,329,664,551.70",48196
"03-Aug-2022","EQ","2,685.00","2,717.00","2,671.20","2,683.65","2,714.45","2,711.40","2,694.49","2,717.00","1,361.55",815831,"2,198,246,880.85",32287
"02-Aug-2022","EQ","2,660.00","2,697.00","2,640.00","2,660.15","2,675.00","2,683.65","2,676.62","2,697.00","1,361.55",1096480,"2,934,857,054.60",40748
"01-Aug-2022","EQ","2,575.85","2,669.40","2,569.20","2,569.20","2,655.00","2,660.15","2,626.72","2,669.40","1,361.55",1267039,"3,328,154,727.05",40581
"29-Jul-2022","EQ","2,565.00","2,622.00","2,560.00","2,550.40","2,565.90","2,569.20","2,585.58","2,622.00","1,361.55",1107195,"2,862,735,936.15",37483
"28-Jul-2022","EQ","2,559.90","2,565.65","2,531.60","2,548.70","2,553.00","2,550.40","2,551.15","2,572.50","1,361.55",759442,"1,937,453,695.55",23183
"27-Jul-2022","EQ","2,560.00","2,572.50","2,528.00","2,559.70","2,546.40","2,548.70","2,553.07","2,572.50","1,361.55",953588,"2,434,577,477.00",30742
"26-Jul-2022","EQ","2,555.00","2,568.60","2,533.00","2,550.60","2,551.00","2,559.70","2,551.72","2,568.60","1,361.55",865142,"2,207,601,853.25",33126
"25-Jul-2022","EQ","2,505.00","2,562.15","2,500.00","2,499.40","2,549.90","2,550.60","2,537.51","2,562.15","1,361.55",1220351,"3,096,654,644.20",44274
"22-Jul-2022","EQ","2,505.50","2,514.05","2,483.10","2,495.50","2,498.90","2,499.40","2,500.88","2,514.05","1,332.75",833522,"2,084,538,222.50",31012
"21-Jul-2022","EQ","2,453.80","2,498.95","2,451.25","2,451.10","2,495.00","2,495.50","2,485.65","2,498.95","1,332.75",1314165,"3,266,556,411.55",40031
"20-Jul-2022","EQ","2,462.00","2,472.80","2,444.00","2,451.30","2,446.00","2,451.10","2,456.64","2,472.80","1,332.75",693601,"1,703,930,835.15",26569
"19-Jul-2022","EQ","2,406.95","2,459.30","2,405.00","2,423.60","2,445.00","2,451.30","2,436.68","2,459.30","1,332.75",843301,"2,054,853,630.75",34038
"18-Jul-2022","EQ","2,424.00","2,441.85","2,406.05","2,405.25","2,426.60","2,423.60","2,424.10","2,441.85","1,332.75",937204,"2,271,880,279.35",33675
"15-Jul-2022","EQ","2,414.50","2,422.95","2,377.00","2,383.10","2,401.00","2,405.25","2,400.98","2,422.95","1,332.75",1169788,"2,808,640,351.00",40288
"14-Jul-2022","EQ","2,365.00","2,404.00","2,336.50","2,353.50","2,394.00","2,383.10","2,366.95","2,420.95","1,332.75",933554,"2,209,679,065.35",34681
"13-Jul-2022","EQ","2,373.50","2,384.65","2,333.70","2,365.65","2,353.10","2,353.50","2,357.09","2,420.95","1,332.75",982185,"2,315,099,896.65",37511
"12-Jul-2022","EQ","2,364.40","2,389.80","2,350.15","2,373.25","2,359.50","2,365.65","2,373.27","2,420.95","1,332.75",1273008,"3,021,186,811.65",47448
"11-Jul-2022","EQ","2,293.05","2,384.60","2,291.05","2,293.05","2,364.50","2,373.25","2,345.62","2,420.95","1,332.75",1967308,"4,614,560,223.55",65448
"08-Jul-2022","EQ","2,286.00","2,303.60","2,263.90","2,274.30","2,297.00","2,293.05","2,285.08","2,420.95","1,332.75",898576,"2,053,314,172.35",23635
"07-Jul-2022","EQ","2,280.00","2,294.95","2,256.00","2,272.85","2,274.85","2,274.30","2,273.73","2,420.95","1,332.75",946131,"2,151,249,937.00",28623
"06-Jul-2022","EQ","2,245.00","2,277.00","2,236.50","2,246.45","2,269.00","2,272.85","2,262.28","2,420.95","1,332.75",1045463,"2,365,127,362.85",25604
"05-Jul-2022","EQ","2,264.00","2,290.70","2,238.00","2,261.85","2,243.65","2,246.45","2,265.41","2,420.95","1,332.75",1356776,"3,073,660,435.95",39354
"04-Jul-2022","EQ","2,232.20","2,277.00","2,228.35","2,232.20","2,260.90","2,261.85","2,257.28","2,420.95","1,332.75",1581159,"3,569,117,233.10",45778
"01-Jul-2022","EQ","2,189.90","2,242.00","2,138.25","2,190.90","2,229.25","2,232.20","2,192.41","2,420.95","1,332.75",2141743,"4,695,581,540.60",47117
"30-Jun-2022","EQ","2,220.00","2,248.50","2,180.50","2,220.10","2,190.00","2,190.90","2,214.04","2,420.95","1,332.75",1568415,"3,472,539,125.60",46645
"29-Jun-2022","EQ","2,185.00","2,247.80","2,177.20","2,204.60","2,211.00","2,220.10","2,214.49","2,420.95","1,332.75",1692493,"3,748,016,616.50",52274
"28-Jun-2022","EQ","2,170.00","2,210.25","2,160.00","2,181.60","2,207.00","2,204.60","2,186.15","2,420.95","1,332.75",1282047,"2,802,744,750.95",37963
"27-Jun-2022","EQ","2,189.00","2,211.00","2,169.35","2,161.45","2,182.00","2,181.60","2,188.41","2,420.95","1,332.75",1202504,"2,631,570,083.30",37716
"24-Jun-2022","EQ","2,121.00","2,168.00","2,108.60","2,110.35","2,154.95","2,161.45","2,139.29","2,420.95","1,332.75",1156536,"2,474,171,038.20",33693
"23-Jun-2022","EQ","2,105.00","2,128.00","2,080.00","2,089.20","2,114.20","2,110.35","2,105.96","2,420.95","1,332.75",1026783,"2,162,360,064.40",36051
"22-Jun-2022","EQ","2,149.95","2,149.95","2,077.10","2,161.80","2,086.00","2,089.20","2,101.66","2,420.95","1,332.75",1774137,"3,728,636,003.95",64117
"21-Jun-2022","EQ","2,100.00","2,177.00","2,091.65","2,079.85","2,159.85","2,161.80","2,135.93","2,420.95","1,332.75",1331500,"2,843,992,227.75",44749
"20-Jun-2022","EQ","2,107.30","2,123.30","2,025.00","2,095.80","2,083.90","2,079.85","2,059.09","2,420.95","1,332.75",2603594,"5,361,032,432.60",69448
"17-Jun-2022","EQ","2,062.00","2,137.40","2,060.15","2,083.00","2,110.00","2,095.80","2,101.56","2,420.95","1,201.20",2280135,"4,791,850,335.35",68806
"16-Jun-2022","EQ","2,205.00","2,217.30","2,076.05","2,184.60","2,084.95","2,083.00","2,135.55","2,420.95","1,201.20",2131789,"4,552,548,349.55",61940
"15-Jun-2022","EQ","2,218.40","2,219.70","2,174.20","2,196.45","2,176.50","2,184.60","2,193.26","2,420.95","1,201.20",1313510,"2,880,874,633.15",46859
"14-Jun-2022","EQ","2,274.00","2,274.00","2,053.10","2,079.75","2,197.60","2,196.45","2,161.83","2,420.95","1,201.20",6515102,"14,084,560,292.50",184436
"13-Jun-2022","EQ","2,172.50","2,172.50","2,066.75","2,203.10","2,082.10","2,079.75","2,119.30","2,420.95","1,201.20",1764172,"3,738,801,994.35",55355
"10-Jun-2022","EQ","2,190.00","2,215.00","2,171.00","2,219.20","2,198.75","2,203.10","2,192.57","2,420.95","1,201.20",1305761,"2,862,967,553.25",38908
"09-Jun-2022","EQ","2,160.30","2,224.00","2,155.00","2,177.20","2,218.00","2,219.20","2,189.54","2,420.95","1,201.20",1440385,"3,153,776,345.00",33651
"08-Jun-2022","EQ","2,244.95","2,244.95","2,158.55","2,227.55","2,178.00","2,177.20","2,202.14","2,420.95","1,201.20",1530739,"3,370,907,212.10",49879
"07-Jun-2022","EQ","2,210.00","2,254.70","2,207.05","2,225.05","2,219.40","2,227.55","2,228.91","2,420.95","1,201.20",2046676,"4,561,866,190.65",57351
"06-Jun-2022","EQ","2,188.50","2,230.00","2,168.20","2,190.00","2,228.00","2,225.05","2,207.80","2,420.95","1,201.20",1664487,"3,674,847,417.10",44623
"03-Jun-2022","EQ","2,235.00","2,242.25","2,176.05","2,209.40","2,194.20","2,190.00","2,210.56","2,420.95","1,201.20",1651685,"3,651,155,580.65",37453
"02-Jun-2022","EQ","2,155.00","2,218.00","2,142.30","2,150.90","2,215.20","2,209.40","2,184.25","2,420.95","1,201.20",1855167,"4,052,146,726.60",48420
"01-Jun-2022","EQ","2,169.95","2,189.30","2,126.00","2,167.55","2,155.00","2,150.90","2,161.89","2,420.95","1,201.20",1448212,"3,130,869,748.70",41408
"31-May-2022","EQ","2,160.00","2,225.80","2,150.40","2,165.65","2,160.00","2,167.55","2,190.84","2,420.95","1,201.20",2861556,"6,269,225,326.25",65981
"30-May-2022","EQ","2,120.00","2,175.00","2,102.00","2,080.15","2,169.00","2,165.65","2,155.50","2,420.95","1,201.20",1384584,"2,984,472,296.10",42616
"27-May-2022","EQ","2,080.00","2,094.30","2,047.70","2,046.40","2,085.00","2,080.15","2,071.42","2,420.95","1,201.20",1354005,"2,804,716,523.90",33847
"26-May-2022","EQ","2,077.00","2,088.00","1,906.20","2,074.15","2,052.00","2,046.40","1,993.04","2,420.95","1,201.20",4967514,"9,900,477,944.20",119283
"25-May-2022","EQ","2,168.00","2,181.45","2,066.20","2,160.20","2,071.00","2,074.15","2,114.93","2,420.95","1,201.20",1382448,"2,923,782,591.45",34793
"24-May-2022","EQ","2,161.00","2,178.90","2,142.55","2,170.65","2,165.00","2,160.20","2,163.64","2,420.95","1,201.20",1008943,"2,182,994,462.80",26813
"23-May-2022","EQ","2,231.75","2,245.00","2,155.65","2,219.55","2,159.70","2,170.65","2,197.44","2,420.95","1,201.20",1455450,"3,198,263,803.90",46776
"20-May-2022","EQ","2,159.00","2,232.40","2,151.00","2,114.75","2,227.00","2,219.55","2,197.25","2,420.95","1,201.20",1444803,"3,174,591,293.70",40458
"19-May-2022","EQ","2,145.00","2,154.75","2,097.60","2,181.10","2,121.90","2,114.75","2,124.37","2,420.95","1,201.20",986930,"2,096,601,623.40",32998
"18-May-2022","EQ","2,199.70","2,216.90","2,172.00","2,184.85","2,185.00","2,181.10","2,192.29","2,420.95","1,201.20",1296983,"2,843,360,980.10",45269
"17-May-2022","EQ","2,133.05","2,192.25","2,119.40","2,105.90","2,183.05","2,184.85","2,151.72","2,420.95","1,201.20",1061085,"2,283,153,146.95",37030
"16-May-2022","EQ","2,082.65","2,141.95","2,057.65","2,054.15","2,112.50","2,105.90","2,108.04","2,420.95","1,201.20",1742552,"3,673,364,890.10",61264
"13-May-2022","EQ","2,084.50","2,135.00","2,035.30","2,045.20","2,055.00","2,054.15","2,092.82","2,420.95","1,201.20",1547617,"3,238,885,835.60",57091
"12-May-2022","EQ","2,103.00","2,113.60","2,011.05","2,119.30","2,053.00","2,045.20","2,055.50","2,420.95","1,201.20",1553685,"3,193,595,941.80",48422
"11-May-2022","EQ","2,109.60","2,157.75","2,077.00","2,109.50","2,124.50","2,119.30","2,117.03","2,420.95","1,201.20",1397917,"2,959,436,086.55",47473
"10-May-2022","EQ","2,190.00","2,220.00","2,097.50","2,197.65","2,097.75","2,109.50","2,152.75","2,420.95","1,201.20",1471866,"3,168,563,128.85",46580
"09-May-2022","EQ","2,229.50","2,244.20","2,180.00","2,247.70","2,187.50","2,197.65","2,209.68","2,420.95","1,201.20",1450886,"3,205,990,125.15",42562
"06-May-2022","EQ","2,210.00","2,262.00","2,200.00","2,255.40","2,247.50","2,247.70","2,230.94","2,420.95","1,122.65",1161579,"2,591,414,766.10",39427
"05-May-2022","EQ","2,270.00","2,303.80","2,236.00","2,253.80","2,247.90","2,255.40","2,269.61","2,420.95","1,122.65",1636796,"3,714,891,240.20",45604
"04-May-2022","EQ","2,358.70","2,362.90","2,233.05","2,339.50","2,248.00","2,253.80","2,288.22","2,420.95","1,122.65",1744686,"3,992,218,592.65",64692
"02-May-2022","EQ","2,325.00","2,362.30","2,311.00","2,332.00","2,335.70","2,339.50","2,336.62","2,420.95","1,122.65",1006544,"2,351,912,270.35",35283
"29-Apr-2022","EQ","2,389.00","2,394.15","2,301.50","2,378.55","2,337.00","2,332.00","2,344.50","2,420.95","1,122.65",1916180,"4,492,475,631.65",59115
"28-Apr-2022","EQ","2,359.85","2,389.90","2,336.30","2,334.10","2,380.00","2,378.55","2,367.65","2,420.95","1,122.65",1679893,"3,977,394,643.90",54350
"27-Apr-2022","EQ","2,404.95","2,420.95","2,325.00","2,395.30","2,338.00","2,334.10","2,368.20","2,420.95","1,122.65",2559876,"6,062,305,737.45",79776
"26-Apr-2022","EQ","2,297.00","2,413.90","2,295.10","2,284.20","2,394.00","2,395.30","2,369.18","2,413.90","1,122.65",3199358,"7,579,861,222.70",102957
"25-Apr-2022","EQ","2,259.95","2,295.00","2,242.60","2,273.30","2,286.00","2,284.20","2,270.87","2,306.00","1,122.65",1683622,"3,823,282,490.00",46767
"22-Apr-2022","EQ","2,297.00","2,306.00","2,265.00","2,286.35","2,271.15","2,273.30","2,287.31","2,306.00","1,089.00",1786042,"4,085,231,753.00",54304
"21-Apr-2022","EQ","2,216.00","2,293.55","2,203.90","2,183.95","2,289.90","2,286.35","2,259.66","2,293.55","1,089.00",2243636,"5,069,859,315.25",67163
"20-Apr-2022","EQ","2,178.00","2,207.95","2,161.90","2,168.30","2,194.00","2,183.95","2,186.63","2,255.00","1,089.00",1119025,"2,446,888,140.85",36160
"19-Apr-2022","EQ","2,245.00","2,255.00","2,140.10","2,233.85","2,145.00","2,168.30","2,216.45","2,255.00","1,089.00",1639219,"3,633,248,074.50",50660
"18-Apr-2022","EQ","2,179.80","2,240.00","2,156.75","2,199.45","2,233.80","2,233.85","2,203.38","2,240.00","1,089.00",1747434,"3,850,262,896.90",60523
"13-Apr-2022","EQ","2,210.00","2,217.15","2,173.45","2,196.95","2,196.00","2,199.45","2,198.49","2,219.00","1,051.05",992512,"2,182,023,564.45",32919
"12-Apr-2022","EQ","2,188.00","2,219.00","2,155.00","2,180.20","2,198.50","2,196.95","2,192.02","2,219.00","1,051.05",2632324,"5,770,098,811.60",81123
"11-Apr-2022","EQ","2,181.85","2,200.00","2,158.50","2,170.95","2,180.00","2,180.20","2,179.03","2,214.95","1,051.05",1615715,"3,520,693,051.45",53060
"08-Apr-2022","EQ","2,115.00","2,176.00","2,105.25","2,099.05","2,172.00","2,170.95","2,145.17","2,214.95","1,051.05",1924054,"4,127,426,182.30",58553
"07-Apr-2022","EQ","2,165.95","2,214.95","2,081.25","2,160.00","2,102.00","2,099.05","2,148.44","2,214.95","1,051.05",3499044,"7,517,483,776.75",104450
"06-Apr-2022","EQ","2,153.75","2,182.85","2,124.20","2,139.85","2,154.95","2,160.00","2,160.56","2,189.80","1,051.05",2259018,"4,880,749,859.65",66425
"05-Apr-2022","EQ","2,078.00","2,189.80","2,067.60","2,065.85","2,131.00","2,139.85","2,135.70","2,189.80","1,051.05",4970260,"10,615,007,504.40",141587
"04-Apr-2022","EQ","2,050.00","2,075.50","2,032.00","2,043.65","2,064.50","2,065.85","2,059.90","2,075.50","1,051.05",1334265,"2,748,449,458.35",38268
"01-Apr-2022","EQ","2,018.00","2,049.00","2,013.05","2,014.75","2,038.00","2,043.65","2,033.05","2,049.00","988.00",1267111,"2,576,094,904.75",35975
"31-Mar-2022","EQ","2,005.00","2,042.00","1,991.00","1,995.25","2,017.00","2,014.75","2,012.97","2,042.00","988.00",2786973,"5,610,098,915.65",65607
"30-Mar-2022","EQ","1,927.70","2,015.00","1,917.30","1,917.25","1,990.00","1,995.25","1,974.37","2,015.00","988.00",3215951,"6,349,490,664.40",92339
"29-Mar-2022","EQ","1,919.25","1,930.90","1,885.50","1,909.70","1,912.60","1,917.25","1,913.69","1,930.90","988.00",1715098,"3,282,169,537.95",47960
"28-Mar-2022","EQ","1,876.90","1,924.40","1,851.05","1,867.00","1,910.00","1,909.70","1,889.65","1,924.40","988.00",1895438,"3,581,720,050.00",54516
"25-Mar-2022","EQ","1,835.55","1,878.00","1,822.00","1,832.80","1,865.35","1,867.00","1,853.23","1,908.50","883.45",1366115,"2,531,730,175.80",31398
"24-Mar-2022","EQ","1,815.00","1,839.55","1,800.15","1,811.00","1,828.00","1,832.80","1,824.11","1,908.50","883.45",1030145,"1,879,097,682.45",24187
"23-Mar-2022","EQ","1,848.05","1,848.05","1,800.85","1,831.55","1,806.10","1,811.00","1,823.79","1,908.50","883.45",1553366,"2,833,016,751.10",29291
"22-Mar-2022","EQ","1,802.95","1,837.00","1,790.00","1,802.95","1,832.00","1,831.55","1,815.39","1,908.50","883.45",964066,"1,750,153,509.30",28508
"21-Mar-2022","EQ","1,836.05","1,841.90","1,796.15","1,819.65","1,805.00","1,802.95","1,812.59","1,908.50","883.45",1081052,"1,959,506,221.15",28646
"17-Mar-2022","EQ","1,775.60","1,823.60","1,760.00","1,758.00","1,820.00","1,819.65","1,798.04","1,908.50","840.20",2392329,"4,301,514,950.90",50563
"16-Mar-2022","EQ","1,724.00","1,764.00","1,718.65","1,701.40","1,755.65","1,758.00","1,750.78","1,908.50","840.20",1269866,"2,223,257,007.25",38410
"15-Mar-2022","EQ","1,740.00","1,754.20","1,686.65","1,736.10","1,698.35","1,701.40","1,722.96","1,908.50","840.20",1085901,"1,870,960,182.15",36494
"14-Mar-2022","EQ","1,732.00","1,752.45","1,722.45","1,734.10","1,734.00","1,736.10","1,735.11","1,908.50","840.20",659190,"1,143,765,420.45",24530
"11-Mar-2022","EQ","1,750.00","1,757.00","1,721.20","1,742.85","1,731.00","1,734.10","1,737.53","1,908.50","840.20",1354129,"2,352,845,367.05",37195
"10-Mar-2022","EQ","1,682.00","1,749.60","1,678.25","1,656.55","1,733.00","1,742.85","1,723.34","1,908.50","840.20",2294474,"3,954,159,740.90",57105
"09-Mar-2022","EQ","1,609.60","1,669.95","1,608.00","1,601.60","1,660.00","1,656.55","1,641.32","1,908.50","840.20",1498176,"2,458,980,080.35",38209
"08-Mar-2022","EQ","1,574.90","1,607.40","1,553.40","1,564.05","1,602.00","1,601.60","1,585.53","1,908.50","840.20",1396347,"2,213,943,690.40",38500
"07-Mar-2022","EQ","1,590.00","1,592.00","1,539.30","1,615.00","1,568.90","1,564.05","1,564.62","1,908.50","840.20",1508821,"2,360,733,231.25",41888
"04-Mar-2022","EQ","1,621.80","1,655.50","1,601.20","1,643.80","1,611.00","1,615.00","1,625.44","1,908.50","836.45",1433490,"2,330,046,098.15",35706
"03-Mar-2022","EQ","1,670.00","1,678.20","1,634.95","1,641.80","1,643.80","1,643.80","1,658.26","1,908.50","836.45",1333325,"2,210,994,891.70",35854
"02-Mar-2022","EQ","1,638.00","1,664.25","1,615.50","1,644.45","1,647.00","1,641.80","1,648.05","1,908.50","836.45",1249817,"2,059,762,414.40",30797
"28-Feb-2022","EQ","1,603.75","1,651.10","1,592.25","1,618.70","1,639.00","1,644.45","1,626.98","1,908.50","836.45",1869037,"3,040,882,097.00",40203
"25-Feb-2022","EQ","1,594.00","1,638.10","1,578.80","1,543.95","1,620.00","1,618.70","1,618.92","1,908.50","780.55",1741584,"2,819,489,316.60",44055
"24-Feb-2022","EQ","1,626.00","1,648.60","1,528.80","1,688.70","1,555.00","1,543.95","1,597.12","1,908.50","780.55",2798065,"4,468,832,162.10",88960
"23-Feb-2022","EQ","1,682.00","1,717.50","1,670.00","1,667.70","1,692.00","1,688.70","1,698.31","1,908.50","780.55",1285012,"2,182,351,680.50",34509
"22-Feb-2022","EQ","1,636.10","1,678.90","1,630.00","1,685.20","1,666.00","1,667.70","1,656.50","1,908.50","780.55",1717579,"2,845,162,822.70",46698
"21-Feb-2022","EQ","1,738.80","1,738.80","1,671.30","1,736.30","1,679.00","1,685.20","1,700.68","1,908.50","780.55",1449291,"2,464,773,645.35",37180
"18-Feb-2022","EQ","1,739.00","1,754.60","1,725.00","1,730.95","1,735.35","1,736.30","1,744.39","1,908.50","707.65",945100,"1,648,622,667.20",23552
"17-Feb-2022","EQ","1,750.00","1,762.00","1,724.00","1,738.10","1,731.00","1,730.95","1,749.78","1,908.50","707.65",1075487,"1,881,867,072.05",27297
"16-Feb-2022","EQ","1,744.25","1,776.00","1,730.00","1,744.25","1,734.00","1,738.10","1,756.26","1,908.50","707.65",1663614,"2,921,737,009.00",38159
"15-Feb-2022","EQ","1,636.00","1,751.40","1,627.85","1,663.95","1,739.90","1,744.25","1,690.94","1,908.50","707.65",2261554,"3,824,161,198.45",63405
"14-Feb-2022","EQ","1,736.30","1,737.90","1,653.00","1,764.30","1,660.00","1,663.95","1,698.44","1,908.50","707.65",1919476,"3,260,114,039.20",52289
"11-Feb-2022","EQ","1,764.00","1,774.90","1,743.35","1,786.10","1,758.95","1,764.30","1,760.67","1,908.50","603.55",1196002,"2,105,767,863.35",34655
"10-Feb-2022","EQ","1,799.00","1,809.00","1,766.00","1,783.15","1,781.00","1,786.10","1,788.91","1,908.50","603.55",1747943,"3,126,920,870.75",44387
"09-Feb-2022","EQ","1,724.60","1,791.90","1,718.10","1,716.00","1,784.00","1,783.15","1,766.82","1,908.50","603.55",1674022,"2,957,692,071.65",44563
"08-Feb-2022","EQ","1,739.40","1,747.00","1,677.05","1,731.80","1,712.00","1,716.00","1,716.43","1,908.50","603.55",1480201,"2,540,660,056.25",38936
"07-Feb-2022","EQ","1,765.00","1,765.50","1,722.10","1,757.30","1,730.00","1,731.80","1,744.43","1,908.50","603.55",854871,"1,491,262,604.75",27482
"04-Feb-2022","EQ","1,758.00","1,770.00","1,733.70","1,751.85","1,754.40","1,757.30","1,755.46","1,908.50","496.90",855996,"1,502,669,464.35",22314
"03-Feb-2022","EQ","1,771.95","1,787.00","1,746.40","1,779.35","1,748.50","1,751.85","1,767.83","1,908.50","496.90",588866,"1,041,016,409.55",19672
"02-Feb-2022","EQ","1,755.00","1,786.00","1,747.00","1,746.90","1,777.95","1,779.35","1,768.90","1,908.50","496.90",1405276,"2,485,787,504.60",31246
"01-Feb-2022","EQ","1,727.95","1,765.10","1,699.15","1,714.95","1,746.00","1,746.90","1,735.03","1,908.50","496.90",1574361,"2,731,556,560.45",36800
"31-Jan-2022","EQ","1,708.95","1,734.00","1,705.00","1,693.70","1,713.00","1,714.95","1,720.96","1,908.50","496.90",1024738,"1,763,530,476.50",27848
"28-Jan-2022","EQ","1,702.50","1,744.10","1,683.95","1,686.00","1,694.00","1,693.70","1,715.02","1,908.50","496.90",1624750,"2,786,472,880.90",48448
"27-Jan-2022","EQ","1,718.00","1,725.55","1,654.50","1,741.40","1,677.00","1,686.00","1,696.29","1,908.50","496.90",3549583,"6,021,126,275.20",63855
"25-Jan-2022","EQ","1,668.00","1,750.55","1,668.00","1,715.80","1,725.00","1,741.40","1,733.27","1,908.50","496.90",1817963,"3,151,022,642.20",44654
"24-Jan-2022","EQ","1,822.00","1,827.45","1,696.55","1,828.35","1,702.00","1,715.80","1,748.62","1,908.50","496.90",2381112,"4,163,669,086.45",60825
"21-Jan-2022","EQ","1,860.85","1,873.00","1,810.75","1,865.85","1,824.95","1,828.35","1,840.16","1,908.50","496.90",1929667,"3,550,894,319.40",50974
"20-Jan-2022","EQ","1,855.00","1,880.35","1,843.70","1,849.30","1,863.00","1,865.85","1,862.91","1,908.50","496.90",1252017,"2,332,400,633.75",35179
"19-Jan-2022","EQ","1,839.80","1,857.00","1,811.25","1,840.95","1,847.95","1,849.30","1,836.13","1,908.50","496.90",1544606,"2,836,089,872.50",41220
"18-Jan-2022","EQ","1,885.00","1,908.50","1,830.05","1,877.80","1,836.00","1,840.95","1,881.13","1,908.50","496.90",2294146,"4,315,593,294.45",68183
"17-Jan-2022","EQ","1,876.00","1,901.40","1,855.65","1,870.25","1,875.00","1,877.80","1,881.03","1,901.40","496.90",1700525,"3,198,741,288.25",48854
"14-Jan-2022","EQ","1,850.00","1,890.45","1,831.10","1,853.35","1,868.95","1,870.25","1,867.37","1,890.45","496.90",2357616,"4,402,539,546.40",58570
"13-Jan-2022","EQ","1,834.00","1,863.00","1,808.00","1,830.10","1,845.00","1,853.35","1,841.12","1,873.00","496.90",1881069,"3,463,275,284.30",52663
"12-Jan-2022","EQ","1,873.00","1,873.00","1,808.30","1,843.90","1,826.90","1,830.10","1,836.84","1,873.00","496.90",2518912,"4,626,834,808.60",78815
"11-Jan-2022","EQ","1,758.00","1,850.00","1,737.00","1,752.60","1,850.00","1,843.90","1,799.11","1,850.00","496.90",5126019,"9,222,254,746.30",132637
"10-Jan-2022","EQ","1,707.55","1,766.00","1,699.10","1,699.10","1,762.50","1,752.60","1,732.90","1,788.90","496.90",1670551,"2,894,891,390.50",34104
"07-Jan-2022","EQ","1,719.90","1,730.80","1,689.50","1,713.10","1,694.90","1,699.10","1,712.34","1,788.90","484.25",1295933,"2,219,076,794.10",29195
"06-Jan-2022","EQ","1,710.00","1,723.85","1,675.60","1,715.45","1,711.00","1,713.10","1,696.85","1,788.90","484.25",1615375,"2,741,046,013.05",33277
"05-Jan-2022","EQ","1,722.00","1,744.65","1,702.55","1,719.00","1,714.00","1,715.45","1,721.84","1,788.90","484.25",1583598,"2,726,699,448.30",35561
"04-Jan-2022","EQ","1,725.75","1,728.00","1,700.00","1,717.15","1,718.00","1,719.00","1,716.12","1,788.90","484.25",1191189,"2,044,228,395.40",20693
"03-Jan-2022","EQ","1,713.00","1,733.00","1,711.20","1,709.45","1,715.00","1,717.15","1,722.25","1,788.90","484.25",1094708,"1,885,363,642.30",20578
"31-Dec-2021","EQ","1,694.95","1,725.00","1,691.05","1,696.40","1,707.00","1,709.45","1,710.74","1,788.90","435.75",1310960,"2,242,706,701.65",22805
"30-Dec-2021","EQ","1,714.00","1,725.00","1,685.00","1,718.05","1,690.00","1,696.40","1,707.42","1,788.90","435.75",1359574,"2,321,359,532.40",27031
"29-Dec-2021","EQ","1,751.00","1,755.00","1,709.40","1,751.00","1,712.70","1,718.05","1,735.95","1,788.90","435.75",1100579,"1,910,554,512.65",22071
"28-Dec-2021","EQ","1,740.00","1,760.00","1,728.10","1,730.20","1,744.80","1,751.00","1,744.31","1,788.90","435.75",1552918,"2,708,775,320.00",35936
"27-Dec-2021","EQ","1,694.75","1,738.00","1,686.05","1,698.20","1,737.00","1,730.20","1,720.06","1,788.90","435.75",1672655,"2,877,073,767.25",38508
"24-Dec-2021","EQ","1,680.00","1,703.95","1,658.20","1,676.20","1,694.45","1,698.20","1,685.94","1,788.90","409.65",1234386,"2,081,101,146.70",30797
"23-Dec-2021","EQ","1,674.70","1,684.20","1,658.20","1,658.10","1,665.00","1,676.20","1,672.63","1,788.90","409.65",979023,"1,637,539,922.40",26128
"22-Dec-2021","EQ","1,631.25","1,663.45","1,627.00","1,620.50","1,654.00","1,658.10","1,645.89","1,788.90","409.65",993006,"1,634,374,693.00",29417
"21-Dec-2021","EQ","1,621.10","1,645.90","1,602.90","1,589.95","1,623.00","1,620.50","1,623.75","1,788.90","409.65",1563851,"2,539,306,668.65",53010
"20-Dec-2021","EQ","1,629.00","1,629.00","1,555.20","1,645.30","1,586.00","1,589.95","1,586.87","1,788.90","409.65",1945211,"3,086,796,370.80",64226
"17-Dec-2021","EQ","1,698.95","1,702.00","1,640.00","1,702.05","1,642.00","1,645.30","1,658.53","1,788.90","409.65",1215873,"2,016,560,021.30",40166
"16-Dec-2021","EQ","1,707.30","1,719.85","1,687.00","1,695.30","1,704.00","1,702.05","1,701.70","1,788.90","409.65",751885,"1,279,486,441.55",26543
"15-Dec-2021","EQ","1,720.00","1,727.00","1,687.05","1,720.10","1,691.85","1,695.30","1,706.95","1,788.90","409.65",866378,"1,478,861,403.90",29401
"14-Dec-2021","EQ","1,712.00","1,727.90","1,683.00","1,719.55","1,718.00","1,720.10","1,707.47","1,788.90","409.65",1198653,"2,046,658,858.30",38080
"13-Dec-2021","EQ","1,755.00","1,762.20","1,711.10","1,740.40","1,722.80","1,719.55","1,737.69","1,788.90","409.65",1104594,"1,919,444,911.10",39564
"10-Dec-2021","EQ","1,710.60","1,788.00","1,710.60","1,722.25","1,739.95","1,740.40","1,755.73","1,788.90","409.65",2708578,"4,755,518,351.90",86122
"09-Dec-2021","EQ","1,725.00","1,739.25","1,706.60","1,715.50","1,720.00","1,722.25","1,724.13","1,788.90","409.65",1306393,"2,252,388,223.95",41660
"08-Dec-2021","EQ","1,679.80","1,726.40","1,679.05","1,678.45","1,717.75","1,715.50","1,710.77","1,788.90","409.65",1406394,"2,406,012,217.75",41266
"07-Dec-2021","EQ","1,658.90","1,686.70","1,654.00","1,645.60","1,680.00","1,678.45","1,672.53","1,788.90","409.65",1476012,"2,468,668,892.70",48000
"06-Dec-2021","EQ","1,710.00","1,727.95","1,640.00","1,708.10","1,646.00","1,645.60","1,680.10","1,788.90","409.65",1574680,"2,645,613,021.45",47093
"03-Dec-2021","EQ","1,734.00","1,745.00","1,701.10","1,732.25","1,705.25","1,708.10","1,717.64","1,788.90","395.10",1544077,"2,652,174,279.75",44109
"02-Dec-2021","EQ","1,692.50","1,735.00","1,687.65","1,693.30","1,733.00","1,732.25","1,712.44","1,788.90","395.10",2159661,"3,698,286,843.05",53449
"01-Dec-2021","EQ","1,694.00","1,705.00","1,652.35","1,662.85","1,696.00","1,693.30","1,682.18","1,788.90","395.10",2476360,"4,165,677,848.85",71689
"30-Nov-2021","EQ","1,668.00","1,718.65","1,648.15","1,665.05","1,651.20","1,662.85","1,681.76","1,788.90","395.10",2952368,"4,965,183,745.30",71140
"29-Nov-2021","EQ","1,655.00","1,697.00","1,609.85","1,669.55","1,666.05","1,665.05","1,663.84","1,788.90","395.10",2119826,"3,527,055,421.90",60310
"26-Nov-2021","EQ","1,740.00","1,768.55","1,660.85","1,763.05","1,670.00","1,669.55","1,712.26","1,788.90","383.10",3510810,"6,011,411,838.20",84147
"25-Nov-2021","EQ","1,762.95","1,773.70","1,735.55","1,755.15","1,768.95","1,763.05","1,756.72","1,788.90","383.10",2341862,"4,114,003,833.45",74141
"24-Nov-2021","EQ","1,721.60","1,788.90","1,712.45","1,707.95","1,747.95","1,755.15","1,761.35","1,788.90","383.10",4562858,"8,036,793,963.20",130117
"23-Nov-2021","EQ","1,660.15","1,720.35","1,650.00","1,675.75","1,709.00","1,707.95","1,700.64","1,766.55","383.10",2472589,"4,204,995,906.80",62066
"22-Nov-2021","EQ","1,691.40","1,701.40","1,610.05","1,688.75","1,674.00","1,675.75","1,672.66","1,766.55","383.10",2552170,"4,268,919,694.90",58449
"18-Nov-2021","EQ","1,708.00","1,714.00","1,640.00","1,706.45","1,685.20","1,688.75","1,695.39","1,766.55","371.00",2255988,"3,824,782,321.10",44326
"17-Nov-2021","EQ","1,714.00","1,729.70","1,682.50","1,711.60","1,697.70","1,706.45","1,709.59","1,766.55","371.00",1476385,"2,524,014,428.75",45842
"16-Nov-2021","EQ","1,759.45","1,766.55","1,706.90","1,749.55","1,714.00","1,711.60","1,736.53","1,766.55","371.00",2172117,"3,771,948,726.85",59812
"15-Nov-2021","EQ","1,713.75","1,764.00","1,691.80","1,705.20","1,747.05","1,749.55","1,725.43","1,764.00","371.00",3997553,"6,897,502,074.05",89416
"12-Nov-2021","EQ","1,678.30","1,719.50","1,670.10","1,664.90","1,702.00","1,705.20","1,699.26","1,719.50","351.85",5349189,"9,089,673,320.15",106783
"11-Nov-2021","EQ","1,650.00","1,704.00","1,640.85","1,655.85","1,660.00","1,664.90","1,675.12","1,717.20","351.85",4470709,"7,488,952,948.95",100449
"10-Nov-2021","EQ","1,625.55","1,686.00","1,620.40","1,635.45","1,650.45","1,655.85","1,657.83","1,717.20","351.85",3728328,"6,180,937,665.60",91725
"09-Nov-2021","EQ","1,555.00","1,659.00","1,554.95","1,568.25","1,633.00","1,635.45","1,619.67","1,717.20","351.85",4713708,"7,634,666,162.70",110369
"08-Nov-2021","EQ","1,495.00","1,575.15","1,485.65","1,489.45","1,575.00","1,568.25","1,541.82","1,717.20","351.85",2565017,"3,954,792,907.75",55182
"04-Nov-2021","EQ","1,495.00","1,511.50","1,483.00","1,485.90","1,487.00","1,489.45","1,494.15","1,717.20","333.05",272261,"406,797,636.05",7764
"03-Nov-2021","EQ","1,474.00","1,501.00","1,464.45","1,472.80","1,485.90","1,485.90","1,482.16","1,717.20","333.05",1710819,"2,535,699,015.00",34186
"02-Nov-2021","EQ","1,455.00","1,489.00","1,452.80","1,445.30","1,471.95","1,472.80","1,474.49","1,717.20","333.05",1667692,"2,458,989,144.85",34589
"01-Nov-2021","EQ","1,436.00","1,457.00","1,411.20","1,423.60","1,457.00","1,445.30","1,437.16","1,717.20","333.05",1543436,"2,218,166,265.30",40840
"29-Oct-2021","EQ","1,400.00","1,454.80","1,377.75","1,398.55","1,424.00","1,423.60","1,421.46","1,717.20","303.00",3165141,"4,499,106,800.60",90428
"28-Oct-2021","EQ","1,550.00","1,566.90","1,367.70","1,566.55","1,397.85","1,398.55","1,449.36","1,717.20","303.00",7093354,"10,280,836,395.50",162981
"27-Oct-2021","EQ","1,548.00","1,581.15","1,540.00","1,543.85","1,564.00","1,566.55","1,565.53","1,717.20","303.00",2121282,"3,320,922,099.85",32684
"26-Oct-2021","EQ","1,532.00","1,557.25","1,520.90","1,532.20","1,542.00","1,543.85","1,547.15","1,717.20","303.00",1661783,"2,571,033,693.90",31739
"25-Oct-2021","EQ","1,545.00","1,551.40","1,494.05","1,543.00","1,523.00","1,532.20","1,527.81","1,717.20","303.00",2276050,"3,477,381,198.00",43393
"22-Oct-2021","EQ","1,595.05","1,608.80","1,537.00","1,595.05","1,542.00","1,543.00","1,580.51","1,717.20","303.00",2580699,"4,078,817,772.45",52698
"21-Oct-2021","EQ","1,601.95","1,626.85","1,581.70","1,589.70","1,589.50","1,595.05","1,602.41","1,717.20","303.00",3129269,"5,014,360,359.50",57040
"20-Oct-2021","EQ","1,574.00","1,607.35","1,539.10","1,569.45","1,585.00","1,589.70","1,579.93","1,717.20","303.00",2768997,"4,374,819,176.45",68151
"19-Oct-2021","EQ","1,625.20","1,637.00","1,562.05","1,615.50","1,571.15","1,569.45","1,599.95","1,717.20","303.00",1822638,"2,916,122,746.05",53397
"18-Oct-2021","EQ","1,672.95","1,672.95","1,608.55","1,646.35","1,613.90","1,615.50","1,629.93","1,717.20","303.00",3791222,"6,179,409,969.35",84729
"14-Oct-2021","EQ","1,580.00","1,656.00","1,574.80","1,569.70","1,642.60","1,646.35","1,624.79","1,717.20","303.00",5256882,"8,541,339,220.90",117810
"13-Oct-2021","EQ","1,568.45","1,608.30","1,551.30","1,554.45","1,569.50","1,569.70","1,579.52","1,717.20","303.00",3923958,"6,197,971,111.05",78302
"12-Oct-2021","EQ","1,539.00","1,566.90","1,514.50","1,539.75","1,552.00","1,554.45","1,542.33","1,717.20","303.00",1900749,"2,931,585,838.75",40498
"11-Oct-2021","EQ","1,553.00","1,563.70","1,532.15","1,547.90","1,539.00","1,539.75","1,548.23","1,717.20","303.00",1910095,"2,957,264,887.80",33254
"08-Oct-2021","EQ","1,522.00","1,569.45","1,511.45","1,520.75","1,546.85","1,547.90","1,541.89","1,717.20","303.00",2646112,"4,080,016,228.75",50847
"07-Oct-2021","EQ","1,502.85","1,535.75","1,490.00","1,479.55","1,518.10","1,520.75","1,520.12","1,717.20","303.00",1919106,"2,917,269,000.80",42020
"06-Oct-2021","EQ","1,529.80","1,541.00","1,472.00","1,527.65","1,477.50","1,479.55","1,502.57","1,717.20","303.00",1777998,"2,671,565,598.85",41715
"05-Oct-2021","EQ","1,515.00","1,557.85","1,512.35","1,526.65","1,526.55","1,527.65","1,539.11","1,717.20","303.00",2544835,"3,916,781,107.80",56806
"04-Oct-2021","EQ","1,471.00","1,531.00","1,460.10","1,458.70","1,523.05","1,526.65","1,501.48","1,717.20","303.00",3209302,"4,818,691,360.05",60941
"01-Oct-2021","EQ","1,465.00","1,468.75","1,422.65","1,468.10","1,455.00","1,458.70","1,448.65","1,717.20","282.10",2311858,"3,349,081,527.10",52821
"30-Sep-2021","EQ","1,484.70","1,519.00","1,463.35","1,485.65","1,464.00","1,468.10","1,489.46","1,717.20","282.10",2072145,"3,086,379,375.85",47931
"29-Sep-2021","EQ","1,466.30","1,498.00","1,464.30","1,487.30","1,481.10","1,485.65","1,481.71","1,717.20","282.10",1764350,"2,614,248,457.60",48250
"28-Sep-2021","EQ","1,557.00","1,557.90","1,475.00","1,531.25","1,481.85","1,487.30","1,509.26","1,717.20","282.10",3547971,"5,354,813,980.65",81357
"27-Sep-2021","EQ","1,462.00","1,544.00","1,462.00","1,461.70","1,543.55","1,531.25","1,507.29","1,717.20","282.10",4737676,"7,141,038,799.70",91588
"24-Sep-2021","EQ","1,483.00","1,516.00","1,455.00","1,474.35","1,460.00","1,461.70","1,483.10","1,717.20","257.50",2760295,"4,093,801,911.85",67730
"23-Sep-2021","EQ","1,453.00","1,480.00","1,441.10","1,437.75","1,475.60","1,474.35","1,466.34","1,717.20","257.50",1622616,"2,379,303,308.75",39558
"22-Sep-2021","EQ","1,435.00","1,462.65","1,424.35","1,441.45","1,426.50","1,437.75","1,445.00","1,717.20","257.50",1663858,"2,404,273,066.55",35961
"21-Sep-2021","EQ","1,420.00","1,446.95","1,381.35","1,418.85","1,439.00","1,441.45","1,426.17","1,717.20","257.50",2682157,"3,825,203,579.05",54416
"20-Sep-2021","EQ","1,464.90","1,488.50","1,409.95","1,480.25","1,419.50","1,418.85","1,449.83","1,717.20","257.50",2273312,"3,295,909,049.85",49184
"17-Sep-2021","EQ","1,503.20","1,525.00","1,465.75","1,503.20","1,480.15","1,480.25","1,492.82","1,717.20","257.50",3329954,"4,971,029,288.10",61528
"16-Sep-2021","EQ","1,523.00","1,535.00","1,499.75","1,516.80","1,501.70","1,503.20","1,504.77","1,717.20","257.50",7616906,"11,461,689,739.35",47394
"15-Sep-2021","EQ","1,524.00","1,545.60","1,496.90","1,513.20","1,518.00","1,516.80","1,510.67","1,717.20","257.50",12834337,"19,388,453,683.45",74170
"14-Sep-2021","EQ","1,539.90","1,547.25","1,497.05","1,532.45","1,514.00","1,513.20","1,514.85","1,717.20","257.50",7143757,"10,821,694,944.35",60792
"13-Sep-2021","EQ","1,548.00","1,557.00","1,525.25","1,545.00","1,529.00","1,532.45","1,535.32","1,717.20","257.50",1759456,"2,701,330,343.75",31219
"09-Sep-2021","EQ","1,561.60","1,565.50","1,535.05","1,555.95","1,545.25","1,545.00","1,548.91","1,717.20","257.50",1243149,"1,925,521,822.40",29357
"08-Sep-2021","EQ","1,559.90","1,579.00","1,538.25","1,558.10","1,555.00","1,555.95","1,559.05","1,717.20","257.50",2084219,"3,249,396,059.20",42939
"07-Sep-2021","EQ","1,585.10","1,592.35","1,553.00","1,582.00","1,557.00","1,558.10","1,568.12","1,717.20","257.50",1651169,"2,589,230,182.65",35022
"06-Sep-2021","EQ","1,572.00","1,628.45","1,566.05","1,565.55","1,581.35","1,582.00","1,602.87","1,717.20","257.50",5562312,"8,915,663,724.20",115296
"03-Sep-2021","EQ","1,578.50","1,581.40","1,551.55","1,570.55","1,567.00","1,565.55","1,564.68","1,717.20","257.50",1687999,"2,641,180,980.10",36037
"02-Sep-2021","EQ","1,571.00","1,594.30","1,565.50","1,565.20","1,569.35","1,570.55","1,577.49","1,717.20","257.50",2171898,"3,426,144,745.10",38120
"01-Sep-2021","EQ","1,594.90","1,600.85","1,561.50","1,587.60","1,565.00","1,565.20","1,578.06","1,717.20","257.50",3056760,"4,823,749,562.60",54717
"31-Aug-2021","EQ","1,517.30","1,596.85","1,512.80","1,516.55","1,585.00","1,587.60","1,568.03","1,717.20","257.50",7234384,"11,343,739,610.95",134165
"30-Aug-2021","EQ","1,513.75","1,527.00","1,493.30","1,506.05","1,514.15","1,516.55","1,510.47","1,717.20","257.50",3149863,"4,757,769,984.80",46572
"27-Aug-2021","EQ","1,475.00","1,515.00","1,474.10","1,475.70","1,504.20","1,506.05","1,497.50","1,717.20","235.00",5164477,"7,733,816,207.85",88381
"26-Aug-2021","EQ","1,482.00","1,494.65","1,460.40","1,475.35","1,472.00","1,475.70","1,477.81","1,717.20","235.00",4678919,"6,914,533,421.75",79309
"25-Aug-2021","EQ","1,444.25","1,481.80","1,425.00","1,437.80","1,478.00","1,475.35","1,460.08","1,717.20","235.00",5361140,"7,827,667,335.00",98170
"24-Aug-2021","EQ","1,407.00","1,448.40","1,390.00","1,396.70","1,434.00","1,437.80","1,419.50","1,717.20","235.00",3362312,"4,772,806,244.55",51926
"23-Aug-2021","EQ","1,415.05","1,427.75","1,361.55","1,430.10","1,394.00","1,396.70","1,402.44","1,717.20","235.00",4866080,"6,824,397,123.75",95718
"20-Aug-2021","EQ","1,438.00","1,482.65","1,411.00","1,460.00","1,415.10","1,430.10","1,450.89","1,717.20","196.05",4933377,"7,157,763,144.85",71606
"18-Aug-2021","EQ","1,441.90","1,496.80","1,432.60","1,441.65","1,456.00","1,460.00","1,463.29","1,717.20","196.05",4738820,"6,934,288,398.00",88757
"17-Aug-2021","EQ","1,431.00","1,451.00","1,416.20","1,430.10","1,437.55","1,441.65","1,438.29","1,717.20","196.05",3062815,"4,405,211,991.25",58332
"16-Aug-2021","EQ","1,431.50","1,449.70","1,413.55","1,437.00","1,430.50","1,430.10","1,430.82","1,717.20","196.05",1909352,"2,731,930,079.95",40688
"13-Aug-2021","EQ","1,445.00","1,454.00","1,428.00","1,442.90","1,429.00","1,437.00","1,444.14","1,717.20","190.20",2095991,"3,026,913,119.50",34004
"12-Aug-2021","EQ","1,443.60","1,458.00","1,430.25","1,437.05","1,441.95","1,442.90","1,444.61","1,717.20","190.20",2455443,"3,547,164,790.85",41283
"11-Aug-2021","EQ","1,455.00","1,456.60","1,407.00","1,446.50","1,435.25","1,437.05","1,430.09","1,717.20","190.20",3197412,"4,572,579,564.70",59718
"10-Aug-2021","EQ","1,488.00","1,498.65","1,426.05","1,493.40","1,440.10","1,446.50","1,464.07","1,717.20","190.20",3581449,"5,243,502,773.55",72296
"09-Aug-2021","EQ","1,546.70","1,565.00","1,482.50","1,536.65","1,485.25","1,493.40","1,519.58","1,717.20","190.20",6031426,"9,165,255,523.95",121345
"06-Aug-2021","EQ","1,422.00","1,555.00","1,422.00","1,432.35","1,539.00","1,536.65","1,514.25","1,717.20","171.20",14250256,"21,578,454,907.50",244951
"05-Aug-2021","EQ","1,428.00","1,438.00","1,407.40","1,429.55","1,432.95","1,432.35","1,425.52","1,717.20","171.20",2104359,"2,999,813,985.35",37536
"04-Aug-2021","EQ","1,460.00","1,460.00","1,423.05","1,442.80","1,427.40","1,429.55","1,439.53","1,717.20","171.20",3341801,"4,810,614,860.85",60087
"03-Aug-2021","EQ","1,467.00","1,467.00","1,422.20","1,438.20","1,443.00","1,442.80","1,441.99","1,717.20","171.20",4442122,"6,405,516,076.75",85757
"02-Aug-2021","EQ","1,435.00","1,445.00","1,424.10","1,420.25","1,443.15","1,438.20","1,434.26","1,717.20","171.20",2483790,"3,562,409,959.25",46243
"30-Jul-2021","EQ","1,409.50","1,449.50","1,400.25","1,400.25","1,426.05","1,420.25","1,428.40","1,717.20","163.00",4403219,"6,289,562,831.35",68464
"29-Jul-2021","EQ","1,413.95","1,425.00","1,397.00","1,399.90","1,400.00","1,400.25","1,412.71","1,717.20","163.00",2538248,"3,585,799,238.55",38796
"28-Jul-2021","EQ","1,406.85","1,424.80","1,378.60","1,396.75","1,396.05","1,399.90","1,402.87","1,717.20","163.00",3188606,"4,473,189,818.80",67514
"27-Jul-2021","EQ","1,403.90","1,424.60","1,378.15","1,403.90","1,404.00","1,396.75","1,399.99","1,717.20","163.00",2978042,"4,169,237,082.80",54101
"26-Jul-2021","EQ","1,399.80","1,416.80","1,392.00","1,401.65","1,405.55","1,403.90","1,405.65","1,717.20","163.00",2054318,"2,887,657,613.15",46181
"23-Jul-2021","EQ","1,430.00","1,434.85","1,386.20","1,416.75","1,399.95","1,401.65","1,407.89","1,717.20","152.10",4694140,"6,608,839,557.55",98094
"22-Jul-2021","EQ","1,375.00","1,424.90","1,340.50","1,365.70","1,420.30","1,416.75","1,383.54","1,717.20","152.10",5009804,"6,931,275,794.25",100191
"20-Jul-2021","EQ","1,340.00","1,382.90","1,336.10","1,380.60","1,358.20","1,365.70","1,361.89","1,717.20","152.10",4529933,"6,169,259,940.15",92452
"19-Jul-2021","EQ","1,390.00","1,412.65","1,332.75","1,395.50","1,377.95","1,380.60","1,372.94","1,717.20","152.10",6190302,"8,498,908,859.05",120662
"16-Jul-2021","EQ","1,409.00","1,415.00","1,388.25","1,407.95","1,395.10","1,395.50","1,399.16","1,717.20","145.20",2134914,"2,987,081,623.40",40532
"15-Jul-2021","EQ","1,399.00","1,429.00","1,393.40","1,402.05","1,406.00","1,407.95","1,407.55","1,717.20","145.20",2728305,"3,840,219,963.45",56937
"14-Jul-2021","EQ","1,449.00","1,449.00","1,397.80","1,417.70","1,398.80","1,402.05","1,416.75","1,717.20","145.20",3859529,"5,467,975,084.25",73736
"13-Jul-2021","EQ","1,433.00","1,433.00","1,385.20","1,420.70","1,415.70","1,417.70","1,408.28","1,717.20","145.20",4157955,"5,855,550,142.65",80296
"12-Jul-2021","EQ","1,442.00","1,447.00","1,414.15","1,431.35","1,421.00","1,420.70","1,429.72","1,717.20","145.20",2557189,"3,656,052,052.90",48390
"09-Jul-2021","EQ","1,425.90","1,456.60","1,416.45","1,425.90","1,430.35","1,431.35","1,434.29","1,717.20","145.20",4502324,"6,457,648,117.45",86132
"08-Jul-2021","EQ","1,420.00","1,445.00","1,411.80","1,425.65","1,423.00","1,425.90","1,426.98","1,717.20","145.20",3898830,"5,563,537,383.20",76551
"07-Jul-2021","EQ","1,420.00","1,437.10","1,385.00","1,414.80","1,426.70","1,425.65","1,410.15","1,717.20","145.20",5549751,"7,825,997,704.75",111349
"06-Jul-2021","EQ","1,400.90","1,444.15","1,378.75","1,394.35","1,419.00","1,414.80","1,418.36","1,717.20","145.20",9485434,"13,453,746,638.90",192093
"05-Jul-2021","EQ","1,427.00","1,443.95","1,350.60","1,422.05","1,396.00","1,394.35","1,391.20","1,717.20","145.20",12239845,"17,028,064,524.50",260649
"02-Jul-2021","EQ","1,490.25","1,507.70","1,411.55","1,490.25","1,424.00","1,422.05","1,456.48","1,717.20","145.20",6653653,"9,690,939,460.55",134469
"01-Jul-2021","EQ","1,509.55","1,522.55","1,482.90","1,507.55","1,492.00","1,490.25","1,499.94","1,717.20","145.20",3759914,"5,639,649,784.65",75052
"30-Jun-2021","EQ","1,539.00","1,539.00","1,502.70","1,523.55","1,507.00","1,507.55","1,522.90","1,717.20","145.20",3256147,"4,958,790,008.10",62996
"29-Jun-2021","EQ","1,526.00","1,548.70","1,513.00","1,525.75","1,523.60","1,523.55","1,530.52","1,717.20","145.20",5551918,"8,497,303,529.65",97242
"28-Jun-2021","EQ","1,524.90","1,565.00","1,518.20","1,519.45","1,523.30","1,525.75","1,540.10","1,717.20","145.20",6178022,"9,514,758,094.35",140628
"25-Jun-2021","EQ","1,525.00","1,534.00","1,501.00","1,508.50","1,516.00","1,519.45","1,518.09","1,717.20","145.20",4962963,"7,534,202,901.05",94791
"24-Jun-2021","EQ","1,509.95","1,519.00","1,488.05","1,504.75","1,515.35","1,508.50","1,503.94","1,717.20","145.20",7261764,"10,921,278,765.30",160280
"23-Jun-2021","EQ","1,560.10","1,569.95","1,481.30","1,541.60","1,499.70","1,504.75","1,513.21","1,717.20","145.20",12679703,"19,187,059,087.85",265370
"22-Jun-2021","EQ","1,554.05","1,582.00","1,531.80","1,540.00","1,542.10","1,541.60","1,563.12","1,717.20","145.20",12069983,"18,866,844,732.70",269773
"21-Jun-2021","EQ","1,490.00","1,582.00","1,444.85","1,487.50","1,531.00","1,540.00","1,533.82","1,717.20","145.20",21101083,"32,365,248,197.10",543336
"18-Jun-2021","EQ","1,350.00","1,504.00","1,332.55","1,367.70","1,495.00","1,487.50","1,422.42","1,717.20","142.75",30526777,"43,421,845,928.35",775906
"17-Jun-2021","EQ","1,380.00","1,436.00","1,303.50","1,448.30","1,356.00","1,367.70","1,374.54","1,717.20","142.75",27926070,"38,385,436,658.55",621898
"16-Jun-2021","EQ","1,510.00","1,538.20","1,409.30","1,538.85","1,427.00","1,448.30","1,494.23","1,717.20","142.75",12626149,"18,866,331,555.40",290100
"15-Jun-2021","EQ","1,550.95","1,572.60","1,477.20","1,501.45","1,525.80","1,538.85","1,525.74","1,717.20","142.75",22320542,"34,055,251,940.05",579380
"14-Jun-2021","EQ","1,441.45","1,529.95","1,201.20","1,601.60","1,510.35","1,501.45","1,372.66","1,717.20","142.75",43530006,"59,751,684,972.35",1125572
"11-Jun-2021","EQ","1,615.10","1,620.10","1,575.25","1,612.00","1,601.00","1,601.60","1,599.37","1,717.20","141.00",5355387,"8,565,256,925.95",113482
"10-Jun-2021","EQ","1,612.00","1,630.00","1,591.00","1,594.65","1,609.80","1,612.00","1,609.08","1,717.20","141.00",5362307,"8,628,379,885.05",114278
"09-Jun-2021","EQ","1,640.00","1,649.45","1,571.85","1,636.45","1,590.45","1,594.65","1,610.46","1,717.20","141.00",11614666,"18,704,933,129.65",249405
"08-Jun-2021","EQ","1,633.00","1,668.00","1,602.45","1,624.30","1,633.00","1,636.45","1,633.09","1,717.20","141.00",12410257,"20,267,043,634.75",269336
"07-Jun-2021","EQ","1,715.00","1,717.20","1,613.00","1,700.95","1,625.00","1,624.30","1,654.64","1,717.20","141.00",15350263,"25,399,188,226.90",352456
"04-Jun-2021","EQ","1,605.00","1,713.55","1,585.80","1,583.10","1,706.00","1,700.95","1,658.36","1,713.55","141.00",21102075,"34,994,810,079.05",462330
"03-Jun-2021","EQ","1,564.00","1,623.80","1,553.00","1,546.75","1,592.40","1,583.10","1,594.10","1,623.80","141.00",19107244,"30,458,894,272.35",433658
"02-Jun-2021","EQ","1,425.55","1,557.00","1,413.00","1,416.25","1,551.30","1,546.75","1,506.78","1,557.00","141.00",24541949,"36,979,348,601.00",519240
"01-Jun-2021","EQ","1,319.90","1,430.00","1,309.05","1,316.30","1,422.95","1,416.25","1,375.69","1,430.00","141.00",10018645,"13,782,501,580.55",226280
"31-May-2021","EQ","1,307.05","1,321.50","1,292.00","1,302.60","1,316.45","1,316.30","1,306.27","1,351.55","141.00",2709718,"3,539,614,088.75",55331
"28-May-2021","EQ","1,311.60","1,330.45","1,298.00","1,325.80","1,302.00","1,302.60","1,311.65","1,351.55","138.35",2979585,"3,908,173,810.85",58720
"27-May-2021","EQ","1,329.50","1,342.00","1,304.25","1,322.80","1,312.50","1,325.80","1,327.15","1,351.55","138.35",36690935,"48,694,243,135.70",148251
"26-May-2021","EQ","1,288.95","1,326.85","1,254.25","1,282.75","1,321.95","1,322.80","1,302.43","1,351.55","138.35",5630730,"7,333,623,873.20",101921
"25-May-2021","EQ","1,314.35","1,322.00","1,272.90","1,306.80","1,287.95","1,282.75","1,298.84","1,351.55","138.35",3697062,"4,801,882,524.40",63487
"24-May-2021","EQ","1,321.70","1,328.65","1,303.00","1,315.10","1,305.00","1,306.80","1,317.75","1,351.55","138.35",7913411,"10,427,872,546.90",73375
"21-May-2021","EQ","1,320.00","1,336.00","1,300.05","1,302.00","1,312.95","1,315.10","1,315.58","1,351.55","134.35",8314215,"10,938,019,705.85",108506
"20-May-2021","EQ","1,301.30","1,320.00","1,283.95","1,294.70","1,303.00","1,302.00","1,303.86","1,351.55","134.35",5837747,"7,611,629,619.30",73646
"19-May-2021","EQ","1,350.00","1,351.55","1,283.90","1,326.70","1,291.60","1,294.70","1,311.78","1,351.55","134.35",9925284,"13,019,799,226.75",124978
"18-May-2021","EQ","1,314.95","1,344.95","1,302.00","1,289.10","1,344.45","1,326.70","1,313.87","1,344.95","134.35",6531595,"8,581,664,718.00",102239
"17-May-2021","EQ","1,230.00","1,299.00","1,227.45","1,220.35","1,291.00","1,289.10","1,277.97","1,328.50","134.35",7782732,"9,946,125,902.30",145729
"14-May-2021","EQ","1,300.00","1,302.00","1,213.35","1,285.80","1,225.20","1,220.35","1,240.55","1,328.50","133.20",6377643,"7,911,763,826.90",147308
"12-May-2021","EQ","1,311.00","1,328.50","1,278.60","1,303.50","1,286.35","1,285.80","1,305.08","1,328.50","133.20",4143731,"5,407,904,094.60",77294
"11-May-2021","EQ","1,292.00","1,326.00","1,284.00","1,304.10","1,300.00","1,303.50","1,306.10","1,326.00","133.20",4744734,"6,197,089,943.40",88249
"10-May-2021","EQ","1,294.90","1,314.00","1,286.30","1,298.90","1,305.00","1,304.10","1,300.14","1,322.40","133.20",3892338,"5,060,579,658.60",68609
"07-May-2021","EQ","1,305.00","1,322.40","1,290.45","1,286.75","1,294.90","1,298.90","1,304.76","1,322.40","127.30",4584524,"5,981,701,636.50",89547
"06-May-2021","EQ","1,272.35","1,311.85","1,263.00","1,267.50","1,290.45","1,286.75","1,285.52","1,311.85","127.30",6240535,"8,022,334,958.15",117092
"05-May-2021","EQ","1,274.40","1,288.25","1,240.25","1,262.50","1,263.50","1,267.50","1,262.69","1,298.95","127.30",7805805,"9,856,323,974.95",161556
"04-May-2021","EQ","1,285.00","1,298.95","1,241.85","1,255.55","1,267.00","1,262.50","1,275.28","1,298.95","127.30",10271516,"13,099,066,568.60",196235
"03-May-2021","EQ","1,145.10","1,264.40","1,122.65","1,158.70","1,255.60","1,255.55","1,216.67","1,264.40","127.30",11276228,"13,719,455,999.25",236879
"30-Apr-2021","EQ","1,171.00","1,200.95","1,143.00","1,182.30","1,146.00","1,158.70","1,178.39","1,251.60","127.30",4232500,"4,987,526,610.20",66953
"29-Apr-2021","EQ","1,196.55","1,212.65","1,178.00","1,185.20","1,185.75","1,182.30","1,195.22","1,251.60","127.30",4070698,"4,865,388,048.00",73596
"28-Apr-2021","EQ","1,207.95","1,213.95","1,180.75","1,191.15","1,185.00","1,185.20","1,196.37","1,251.60","127.30",5020151,"6,005,960,811.60",76062
"27-Apr-2021","EQ","1,184.70","1,213.50","1,181.00","1,173.35","1,191.80","1,191.15","1,197.51","1,251.60","127.30",7109421,"8,513,622,588.35",118607
"26-Apr-2021","EQ","1,160.00","1,197.90","1,160.00","1,157.60","1,170.80","1,173.35","1,183.45","1,251.60","127.30",6939823,"8,212,922,814.25",127378
"23-Apr-2021","EQ","1,161.00","1,182.90","1,145.65","1,157.80","1,150.55","1,157.60","1,167.29","1,251.60","127.30",6167151,"7,198,841,804.15",108883
"22-Apr-2021","EQ","1,134.00","1,169.00","1,123.00","1,142.75","1,156.15","1,157.80","1,150.53","1,251.60","127.30",7124786,"8,197,248,687.35",118109
"20-Apr-2021","EQ","1,156.85","1,177.70","1,125.05","1,136.35","1,137.00","1,142.75","1,154.98","1,251.60","127.30",8261172,"9,541,523,064.10",143251
"19-Apr-2021","EQ","1,100.00","1,153.00","1,089.00","1,159.00","1,134.00","1,136.35","1,130.34","1,251.60","127.30",8565063,"9,681,415,520.05",155220
"16-Apr-2021","EQ","1,130.00","1,192.00","1,112.00","1,129.95","1,156.40","1,159.00","1,163.18","1,251.60","127.30",10661068,"12,400,729,514.50",196992
"15-Apr-2021","EQ","1,095.00","1,144.90","1,081.35","1,106.35","1,124.00","1,129.95","1,118.21","1,251.60","127.30",9350889,"10,456,249,678.55",187596
"13-Apr-2021","EQ","1,077.00","1,116.30","1,051.05","1,074.40","1,102.00","1,106.35","1,091.81","1,251.60","127.30",12137329,"13,251,645,770.75",257690
"12-Apr-2021","EQ","1,177.40","1,177.40","1,061.40","1,201.40","1,068.00","1,074.40","1,104.57","1,251.60","127.30",13690016,"15,121,531,594.65",290601
"09-Apr-2021","EQ","1,163.40","1,228.00","1,151.20","1,162.50","1,202.30","1,201.40","1,196.78","1,251.60","127.30",12923020,"15,466,062,151.20",264400
"08-Apr-2021","EQ","1,162.50","1,191.00","1,137.75","1,165.55","1,159.95","1,162.50","1,168.28","1,251.60","127.30",12404773,"14,492,274,683.75",255744
"07-Apr-2021","EQ","1,233.40","1,251.60","1,108.00","1,225.40","1,157.90","1,165.55","1,182.19","1,251.60","127.30",23007694,"27,199,396,143.70",456576
"06-Apr-2021","EQ","1,153.40","1,241.00","1,142.50","1,138.25","1,222.60","1,225.40","1,203.66","1,241.00","127.30",21496457,"25,874,426,150.45",357142
"05-Apr-2021","EQ","1,127.00","1,150.00","1,098.85","1,107.20","1,141.00","1,138.25","1,127.43","1,150.00","127.30",15795720,"17,808,563,575.15",298644
"01-Apr-2021","EQ","1,043.40","1,116.05","1,035.00","1,031.15","1,104.65","1,107.20","1,082.05","1,116.05","121.00",12713083,"13,756,203,233.75",216541
"31-Mar-2021","EQ","1,038.00","1,053.15","1,016.60","1,031.55","1,031.00","1,031.15","1,033.79","1,093.00","121.00",6440569,"6,658,170,701.65",101244
"30-Mar-2021","EQ","1,004.00","1,042.45","988.00","988.30","1,039.90","1,031.55","1,021.02","1,093.00","121.00",10470731,"10,690,838,701.70",144844
"26-Mar-2021","EQ","1,000.00","1,018.45","978.00","981.55","989.30","988.30","992.42","1,093.00","116.40",9396506,"9,325,246,626.15",128071
"25-Mar-2021","EQ","1,032.95","1,041.45","977.00","1,025.45","981.00","981.55","1,000.27","1,093.00","116.40",13139164,"13,142,770,606.45",213722
"24-Mar-2021","EQ","1,063.00","1,093.00","1,018.40","1,058.40","1,020.35","1,025.45","1,060.20","1,093.00","116.40",22877032,"24,254,123,461.00",381907
"23-Mar-2021","EQ","999.00","1,086.70","991.05","991.05","1,060.00","1,058.40","1,057.72","1,086.70","116.40",31098225,"32,893,205,021.80",508458
"22-Mar-2021","EQ","892.90","1,003.00","883.45","889.65","992.50","991.05","965.79","1,003.00","116.40",22596465,"21,823,390,368.20",314562
"19-Mar-2021","EQ","866.00","895.40","840.20","871.05","885.50","889.65","870.63","944.90","116.40",4794995,"4,174,660,013.65",63473
"18-Mar-2021","EQ","876.00","891.00","857.75","873.90","874.80","871.05","877.32","944.90","116.40",4465851,"3,917,986,686.50",56225